symbol,indices,price,rsi,ma50,ma200,volume,avg_volume
NTPC.NS,"nifty50,nifty_energy",359.6499938964844,35.37907425834639,367.9829986572266,,16551512.0,14815014.8
DIVISLAB.NS,"nifty50,nifty_pharma",5856.5,22.866520787746182,6159.61,,513534.0,297498.8
ADANIENT.NS,"nifty50,nifty_energy",1834.199951171875,38.23873715532957,2058.8219970703126,,1830598.0,2170399.3
COFORGE.NS,nifty_it,1213.4000244140625,64.66629034593552,1346.5240014648436,,6403645.0,3427766.5
BAJAJ-AUTO.NS,"nifty50,nifty_auto",8758.5,38.61544617847139,9462.6,,254975.0,370644.9
M&M.NS,"nifty50,nifty_auto",3011.699951171875,43.80492726619067,3350.202001953125,,3297975.0,4055733.75
SBIN.NS,"nifty50,nifty_bank",1018.4000244140625,36.9291640659224,1106.165997314453,,20777629.0,17689827.45
MRF.NS,nifty_auto,126390.0,32.15771387230964,138409.2,,8458.0,8440.4
TATACONSUM.NS,nifty_fmcg,1042.0,43.22690878527825,1120.1579907226562,,2586178.0,1526905.35
PIIND.NS,nifty_midcap,2797.199951171875,37.67051783685144,3050.297998046875,,233203.0,237476.5
ALKEM.NS,nifty_pharma,5258.0,35.49367088607595,5533.68,,70183.0,115912.35
COLPAL.NS,nifty_fmcg,1829.5,26.462631715388028,2090.009987792969,,273131.0,476185.5
AUBANK.NS,nifty_bank,868.25,42.35168662447607,955.6459997558594,,2079992.0,2717989.0
MARICO.NS,nifty_fmcg,761.3499755859375,49.900675387962515,760.6169995117187,,2858545.0,1969054.0
DEEPAKNTR.NS,nifty_midcap,1377.699951171875,37.69518293496502,1533.58400390625,,132396.0,195842.5
HDFCBANK.NS,"nifty50,nifty_bank",750.9000244140625,33.69970408424123,876.9669995117188,,49310300.0,60171927.85
MUTHOOTFIN.NS,nifty_midcap,3178.800048828125,50.65162915296005,3522.063974609375,,657545.0,1265940.15
WIPRO.NS,"nifty50,nifty_it",194.91000366210938,41.176479243740786,212.20259979248047,,16623045.0,17940013.7
ITC.NS,"nifty50,nifty_fmcg",292.8500061035156,35.16988124202382,313.08800231933594,,18082775.0,24638408.1
BRITANNIA.NS,"nifty50,nifty_fmcg",5442.0,28.034814475492453,5872.33,,444248.0,404361.75
TATASTEEL.NS,nifty50,194.13999938964844,49.511395875456515,197.69039978027342,,27633959.0,37970811.85
NESTLEIND.NS,"nifty50,nifty_fmcg",1191.300048828125,38.6631129145337,1264.2380078125,,1357820.0,1313178.5
HINDUNILVR.NS,"nifty50,nifty_fmcg",2065.300048828125,37.01002764813931,2276.46599609375,,1431905.0,1991817.15
POWERGRID.NS,"nifty50,nifty_energy",289.95001220703125,37.2662221785072,289.0890008544922,,17222200.0,19295053.9
COALINDIA.NS,nifty50,449.3500061035156,51.403890892085435,436.8829992675781,,6701003.0,15298912.3
APOLLOHOSP.NS,nifty50,7317.5,37.836043810155985,7387.16,,338111.0,471028.05
LTIM.NS,"nifty50,nifty_it",4303.89990234375,51.414438040113936,4947.250004882812,,696404.0,338690.55
IDFCFIRSTB.NS,nifty_bank,60.220001220703125,35.67984888364077,74.25160041809082,,25908484.0,37089996.15
ADANIPORTS.NS,nifty50,1377.5999755859375,46.19614639804889,1447.9220043945313,,3210456.0,2970338.0
MARUTI.NS,"nifty50,nifty_auto",12631.0,36.23649078194533,14280.44,,438227.0,639906.65
AUROPHARMA.NS,nifty_pharma,1333.699951171875,56.220382322246635,1215.4259936523438,,1870240.0,1677362.0
ONGC.NS,"nifty50,nifty_energy",287.20001220703125,67.82234589437405,268.6036019897461,,20935809.0,28115818.65
LT.NS,nifty50,3613.10009765625,41.91561259806768,3907.43201171875,,4121638.0,4976064.3
JSWSTEEL.NS,nifty50,1141.300048828125,44.89518172953637,1204.14599609375,,2208479.0,1969843.15
TORNTPOWER.NS,nifty_midcap,1332.199951171875,36.34269622580837,1428.72400390625,,797163.0,612774.75
KOTAKBANK.NS,"nifty50,nifty_bank",358.0,34.36724518780419,402.2279998779297,,22056018.0,23192159.8
ADANIGREEN.NS,nifty_energy,856.0,51.147655996628885,901.0120007324218,,9516053.0,3660169.6
IOC.NS,nifty_energy,134.1300048828125,15.92083967152844,163.18120025634767,,22834708.0,25818673.65
SRF.NS,nifty_midcap,2416.10009765625,46.91379627063868,2672.8719970703123,,715256.0,678717.3
DRREDDY.NS,"nifty50,nifty_pharma",1217.300048828125,32.14522257889851,1263.7340063476563,,3560727.0,1909915.25
ULTRACEMCO.NS,nifty50,10620.0,39.54816285998014,12107.54,,333524.0,436380.6
BAJFINANCE.NS,nifty50,826.8499755859375,39.7828053082078,935.5059973144531,,9113618.0,11750338.0
FEDERALBNK.NS,nifty_bank,265.54998779296875,47.525366752900716,280.5410009765625,,5537579.0,9762947.15
HDFCLIFE.NS,nifty50,566.0999755859375,24.21185420534276,683.7489965820313,,5837873.0,4042621.45
GRASIM.NS,nifty50,2564.10009765625,39.293300265082514,2765.54400390625,,522088.0,1330048.2
AXISBANK.NS,"nifty50,nifty_bank",1197.9000244140625,41.630520209019515,1302.1540014648438,,9501543.0,8416977.75
DABUR.NS,"nifty50,nifty_fmcg",417.25,24.53357489291089,486.46700256347657,,1150474.0,1813036.8
TCS.NS,"nifty50,nifty_it",2450.699951171875,48.30953257033708,2720.782001953125,,5378361.0,3879439.2
ASHOKLEY.NS,nifty_auto,148.44000244140625,24.399203971686035,190.78899963378908,,33940797.0,28643720.15
CHOLAFIN.NS,nifty_midcap,1356.300048828125,27.886524830311018,1617.3880029296874,,2245874.0,2103167.9
CIPLA.NS,"nifty50,nifty_pharma",1192.4000244140625,19.05194130267415,1313.6780029296874,,3128666.0,1589362.5
LUPIN.NS,nifty_pharma,2274.5,40.35232024127767,2248.32798828125,,1231890.0,1110328.75
BIOCON.NS,nifty_pharma,352.54998779296875,30.94391593572675,376.9619995117188,,5941534.0,3625428.05
TVSMOTOR.NS,nifty_auto,3391.39990234375,40.54541634525016,3666.7099951171876,,920766.0,1139717.15
PAGEIND.NS,nifty_midcap,33945.0,62.81352235550709,32649.0,,77315.0,24606.05
TORNTPHARM.NS,nifty_pharma,3987.199951171875,23.489377383568993,4186.12798828125,,810162.0,396751.8
MPHASIS.NS,nifty_it,2209.89990234375,52.03848678984913,2401.170017089844,,777936.0,614632.75
ICICIBANK.NS,"nifty50,nifty_bank",1215.800048828125,33.69206648992743,1340.2580029296876,,20851722.0,19179501.05
ASIANPAINT.NS,nifty50,2169.0,45.0110857028846,2369.67400390625,,1854061.0,1200028.0
TITAN.NS,nifty50,4097.2001953125,47.82259373518371,4132.052021484375,,1614868.0,980054.65
BALKRISIND.NS,nifty_auto,2067.199951171875,43.09201508655226,2373.1780126953126,,194886.0,148446.35
ASTRAL.NS,nifty_midcap,1553.5,30.189056014385528,1577.4699975585938,,1346193.0,778520.2
INDUSINDBK.NS,"nifty50,nifty_bank",778.7000122070312,34.29574572778428,887.7390014648438,,2481604.0,4545058.5
PNB.NS,nifty_bank,104.4800033569336,35.11531758444964,119.74739974975586,,23212183.0,20055271.1
BAJAJFINSV.NS,nifty50,1640.699951171875,32.18892884144586,1906.4280053710938,,2284337.0,1809553.6
CANBK.NS,nifty_bank,127.04000091552734,37.35432438069095,145.15759841918944,,29741553.0,25657077.45
EICHERMOT.NS,"nifty50,nifty_auto",6649.5,37.96812749003985,7335.17,,660432.0,650128.45
BANDHANBNK.NS,nifty_midcap,146.33999633789062,23.248922304224067,162.76519989013673,,11739287.0,10943247.65
GAIL.NS,nifty_energy,141.72999572753906,42.4746689789163,157.26500061035156,,15268069.0,17443704.65
INFY.NS,"nifty50,nifty_it",1300.800048828125,54.641911532063936,1402.6900024414062,,12873492.0,11708701.9
HEROMOTOCO.NS,"nifty50,nifty_auto",5011.5,34.140163242330416,5496.31,,753867.0,513296.1
PIDILITIND.NS,nifty50,1273.5999755859375,34.66446255627578,1424.3740063476562,,889612.0,738879.35
GODREJCP.NS,nifty_fmcg,994.7999877929688,30.547716196096147,1139.7230041503906,,1737577.0,1770696.85
SUNPHARMA.NS,"nifty50,nifty_pharma",1693.5999755859375,28.261579428327536,1724.3680078125,,3937824.0,3054760.05
RELIANCE.NS,"nifty50,nifty_energy",1350.5,40.93192938313408,1406.4800024414062,,21280051.0,20582235.85
SHREECEM.NS,nifty50,23125.0,45.22144522144522,25584.8,,20490.0,36533.7
PERSISTENT.NS,nifty_it,5227.7001953125,69.81178162541093,5318.17400390625,,964640.0,764887.0
BANKBARODA.NS,nifty_bank,249.55999755859375,26.203598662050894,291.5408013916016,,14887386.0,10472130.75
POLYCAB.NS,nifty_midcap,6878.0,35.9347105330273,7521.49,,387042.0,581792.75
TECHM.NS,"nifty50,nifty_it",1441.5,66.26176729530606,1497.0100073242188,,2501510.0,2274921.8
SBILIFE.NS,nifty50,1774.0,26.336973799802536,1978.7019995117187,,1494738.0,1201438.35
UPL.NS,nifty50,593.0,42.213798722529106,673.5589978027343,,1403119.0,2594853.95
HCLTECH.NS,"nifty50,nifty_it",1402.199951171875,58.578503178673145,1477.0379931640625,,6509389.0,3468564.95
BPCL.NS,"nifty50,nifty_energy",278.1499938964844,23.16935673943975,346.13700012207033,,13404373.0,16144571.35
